cluster,temperature,ice_particles,ice_mass,ice_length
1,327.893,114,5.9103978258192503e-05,0.424
all,327.893,114,5.9103978258192503e-05,0.424
